from,to,edge_label,edge_weight
n863,n774,L68,1
n863,n372,L68,1
n330,n934,L68,1
n409,n282,L68,1
n409,n458,L68,1
n158,n464,L68,1
n474,n934,L68,1
n804,n277,L68,1
n282,n929,L68,1
n519,n568,L68,1
n519,n740,L68,2
n519,n458,L68,3
n568,n628,L68,1
n703,n458,L68,1
n553,n409,L68,1
n553,n277,L68,4
n967,n865,L68,1
n992,n865,L68,3
n372,n863,L68,1
n537,n477,L68,1
n477,n462,L68,4
n569,n519,L68,7
n569,n865,L68,10
n346,n934,L68,1
n485,n492,L68,1
n63,n117,L68,1
n319,n63,L68,1
n948,n921,L44,1
n863,n670,L44,2
n863,n259,L44,1
n923,n773,L44,1
n765,n863,L44,1
n921,n847,L44,1
n921,n167,L44,2
n921,n923,L44,1
n524,n934,L44,1
n934,n575,L44,1
n899,n75,L44,1
n76,n948,L44,1
n76,n917,L44,1
n76,n934,L44,1
n442,n636,L44,1
n236,n119,L44,1
n236,n625,L44,1
n575,n651,L44,1
n620,n596,L44,1
n620,n179,L44,1
n917,n923,L44,1
n917,n948,L44,2
n917,n847,L44,1
n917,n934,L44,1
n651,n524,L44,1
n847,n921,L44,1
n847,n327,L44,1
n611,n442,L44,1
n327,n167,L44,1
n179,n620,L44,1
n119,n792,L44,1
n527,n934,L44,1
n167,n327,L44,1
n167,n847,L44,1
n167,n921,L44,3
n792,n119,L44,1
n549,n169,L37,2
n825,n992,L37,3
n569,n865,L37,2
n929,n55,L5,1
n126,n330,L5,1
n126,n328,L5,1
n330,n328,L5,1
n934,n358,L5,2
n120,n330,L5,1
n55,n929,L5,2
n909,n142,L5,2
n303,n318,L5,1
n758,n929,L5,3
n116,n934,L5,2
n328,n934,L5,3
n328,n330,L5,1
n354,n934,L5,1
n61,n929,L5,4
n346,n934,L5,2
n129,n374,L5,1
n129,n660,L5,1
n129,n899,L5,3
n129,n964,L5,1
n372,n863,L5,1
n308,n934,L5,1
n863,n357,L5,2
n357,n863,L5,1
n319,n934,L5,1
n457,n127,L5,3
n865,n153,L5,1
n358,n934,L5,1
n967,n153,L5,1
n967,n865,L5,14
n667,n165,L25,2
n486,n432,L25,1
n270,n269,L25,2
n270,n615,L25,1
n432,n871,L25,2
n269,n549,L25,4
n825,n992,L42,3
n332,n783,L42,5
n332,n359,L42,5
n303,n120,L42,1
n593,n723,L42,1
n771,n300,L42,3
n967,n836,L42,2
n967,n865,L42,5
n153,n992,L42,1
n153,n277,L42,1
n836,n967,L42,2
n783,n332,L42,1
n422,n314,L42,1
n549,n518,L42,1
n280,n836,L42,5
n280,n499,L42,2
n138,n967,L42,2
n644,n492,L42,1
n530,n67,L42,1
n474,n120,L42,1
n359,n332,L42,3
n359,n783,L42,2
n634,n725,L42,1
n554,n810,L42,1
n131,n492,L42,2
n131,n515,L42,1
n663,n389,L42,2
n318,n330,L42,1
n814,n175,L62,16
n814,n816,L62,1
n815,n814,L62,3
n886,n814,L62,1
n816,n869,L62,1
n816,n549,L62,1
n618,n164,L62,1
n320,n554,L62,1
n911,n534,L62,18
n782,n365,L62,9
n782,n323,L62,7
n782,n570,L62,1
n164,n618,L62,1
n530,n480,L62,5
n639,n863,L62,1
n661,n814,L62,1
n810,n500,L62,1
n660,n967,L62,2
n500,n365,L62,1
n500,n810,L62,3
n644,n869,L62,1
n644,n814,L62,2
n720,n341,L62,1
n805,n480,L62,2
n805,n271,L62,1
n130,n365,L62,1
n467,n856,L62,1
n456,n310,L22,1
n450,n572,L22,1
n310,n796,L22,2
n310,n572,L22,2
n395,n764,L22,2
n436,n189,L22,1
n436,n54,L22,5
n866,n574,L22,3
n941,n800,L22,1
n654,n885,L22,6
n654,n302,L22,2
n227,n664,L22,1
n88,n262,L22,2
n738,n875,L22,1
n560,n663,L22,3
n378,n97,L22,1
n378,n866,L22,3
n350,n529,L22,1
n796,n450,L22,2
n97,n838,L22,43
n563,n38,L22,5
n748,n597,L22,7
n748,n305,L22,6
n838,n378,L22,1
n838,n97,L22,30
n838,n866,L22,10
n716,n285,L22,2
n482,n310,L22,4
n42,n159,L22,1
n42,n305,L22,1
n888,n285,L22,6
n380,n664,L22,9
n566,n903,L22,2
n388,n262,L22,7
n388,n88,L22,1
n388,n39,L22,1
n885,n574,L22,1
n664,n380,L22,2
n730,n888,L22,2
n730,n285,L22,1
n694,n262,L22,1
n37,n54,L22,3
n440,n134,L22,3
n366,n654,L22,2
n585,n619,L22,1
n230,n65,L22,1
n304,n88,L22,2
n277,n875,L22,7
n668,n285,L22,1
n263,n731,L22,1
n263,n87,L22,1
n770,n563,L22,1
n39,n262,L22,1
n618,n875,L22,3
n159,n42,L22,1
n127,n457,L58,19
n457,n127,L58,7
n513,n403,L58,1
n403,n616,L58,1
n403,n479,L58,1
n479,n403,L58,2
n616,n479,L58,1
n822,n403,L58,1
n814,n175,L71,1
n773,n948,L71,1
n773,n917,L71,1
n167,n327,L71,1
n327,n921,L71,1
n847,n948,L71,2
n917,n773,L71,2
n948,n847,L71,1
n974,n917,L71,1
n970,n794,L17,1
n970,n226,L17,3
n970,n222,L17,2
n970,n821,L17,3
n224,n885,L17,2
n536,n794,L17,1
n536,n224,L17,1
n536,n835,L17,10
n794,n970,L17,1
n742,n536,L17,1
n408,n536,L17,1
n408,n970,L17,2
n408,n794,L17,1
n511,n931,L14,2
n511,n643,L14,6
n230,n305,L14,1
n230,n860,L14,1
n230,n511,L14,2
n230,n931,L14,21
n230,n597,L14,1
n643,n931,L14,1
n931,n621,L14,74
n597,n30,L14,11
n597,n590,L14,1
n597,n846,L14,1
n597,n523,L14,1
n597,n931,L14,1
n597,n404,L14,3
n597,n621,L14,5
n597,n305,L14,11
n621,n931,L14,9
n621,n781,L14,2
n621,n590,L14,18
n621,n405,L14,5
n621,n547,L14,7
n621,n516,L14,1
n621,n32,L14,4
n621,n523,L14,9
n621,n101,L14,8
n621,n846,L14,1
n621,n873,L14,3
n621,n841,L14,1
n621,n743,L14,4
n621,n874,L14,8
n621,n737,L14,3
n621,n321,L14,1
n621,n597,L14,7
n621,n212,L14,5
n621,n609,L14,1
n621,n650,L14,28
n315,n511,L14,3
n315,n781,L14,2
n315,n30,L14,2
n781,n650,L14,1
n781,n212,L14,1
n781,n621,L14,1
n51,n597,L14,1
n51,n165,L14,3
n51,n858,L14,22
n51,n32,L14,9
n516,n621,L14,2
n516,n133,L14,1
n737,n621,L14,10
n737,n743,L14,1
n737,n846,L14,1
n590,n841,L14,1
n590,n874,L14,1
n590,n30,L14,1
n590,n404,L14,2
n590,n621,L14,52
n590,n133,L14,1
n874,n621,L14,14
n212,n324,L14,1
n212,n621,L14,2
n873,n523,L14,4
n873,n423,L14,6
n873,n621,L14,1
n324,n808,L14,7
n324,n145,L14,1
n324,n440,L14,1
n30,n621,L14,6
n30,n873,L14,1
n404,n32,L14,6
n404,n621,L14,13
n404,n590,L14,3
n404,n597,L14,1
n404,n931,L14,1
n404,n873,L14,1
n145,n808,L14,1
n145,n345,L14,2
n145,n324,L14,7
n286,n343,L14,1
n286,n345,L14,4
n423,n873,L14,1
n345,n30,L14,1
n345,n808,L14,1
n345,n324,L14,1
n743,n650,L14,2
n395,n621,L14,18
n133,n31,L14,8
n133,n667,L14,2
n133,n621,L14,1
n133,n65,L14,1
n440,n134,L14,1
n440,n860,L14,2
n65,n586,L14,1
n523,n621,L14,1
n523,n741,L14,1
n860,n781,L14,7
n650,n621,L14,1
n846,n874,L14,1
n846,n841,L14,2
n846,n931,L14,1
n808,n145,L14,1
n808,n65,L14,3
n32,n621,L14,10
n32,n858,L14,1
n858,n165,L14,1
n858,n667,L14,3
n841,n523,L14,1
n343,n31,L14,1
n343,n621,L14,1
n343,n667,L14,1
n101,n860,L14,1
n101,n621,L14,1
n141,n32,L14,1
n475,n621,L14,2
n333,n621,L14,7
n547,n621,L14,3
n547,n931,L14,2
n639,n621,L14,4
n639,n841,L14,5
n278,n586,L14,6
n41,n262,L14,4
n41,n345,L14,1
n361,n51,L14,1
n331,n621,L14,1
n374,n56,L75,1
n275,n300,L75,2
n117,n116,L75,2
n116,n117,L75,1
n328,n474,L75,3
n63,n358,L75,1
n318,n126,L75,2
n414,n326,L75,1
n126,n318,L75,1
n512,n891,L54,1
n512,n402,L54,3
n402,n891,L54,2
n788,n789,L54,1
n549,n169,L54,2
n549,n269,L55,2
n549,n657,L55,2
n835,n158,L55,1
n835,n814,L55,1
n835,n708,L55,1
n269,n549,L55,8
n863,n670,L55,2
n660,n967,L55,1
n568,n814,L55,1
n847,n327,L55,1
n729,n466,L55,1
n620,n899,L55,2
n899,n625,L55,2
n899,n993,L55,1
n773,n76,L55,1
n259,n863,L55,1
n917,n76,L55,1
n993,n611,L55,1
n641,n119,L55,1
n128,n549,L55,1
n796,n727,L24,15
n876,n796,L24,1
n640,n256,L24,1
n310,n796,L24,3
n450,n796,L24,1
n727,n796,L24,7
n727,n280,L24,1
n500,n640,L24,2
n500,n256,L24,1
n654,n696,L24,1
n696,n138,L24,1
n320,n640,L24,1
n358,n63,L47,1
n372,n992,L47,1
n58,n346,L47,1
n354,n110,L47,1
n308,n117,L47,2
n330,n328,L47,1
n55,n992,L47,2
n55,n909,L47,1
n758,n61,L47,1
n758,n992,L47,1
n328,n330,L47,3
n328,n120,L47,2
n328,n474,L47,1
n303,n330,L47,1
n120,n328,L47,2
n61,n758,L47,2
n608,n305,L41,1
n608,n741,L41,1
n608,n507,L41,6
n608,n581,L41,1
n608,n484,L41,2
n608,n153,L41,1
n608,n423,L41,1
n608,n347,L41,4
n608,n471,L41,1
n608,n391,L41,1
n608,n737,L41,2
n608,n756,L41,1
n608,n687,L41,2
n294,n608,L41,1
n305,n597,L41,4
n305,n748,L41,3
n305,n338,L41,2
n370,n93,L41,4
n370,n597,L41,2
n370,n756,L41,1
n370,n423,L41,3
n370,n737,L41,1
n370,n305,L41,4
n370,n495,L41,2
n370,n507,L41,6
n349,n471,L41,5
n349,n801,L41,4
n349,n756,L41,1
n301,n299,L41,1
n650,n608,L41,1
n989,n801,L41,1
n989,n471,L41,3
n989,n756,L41,3
n516,n741,L41,1
n737,n756,L41,1
n338,n597,L41,1
n338,n471,L41,2
n801,n608,L41,9
n471,n756,L41,4
n316,n423,L41,2
n617,n102,L41,7
n617,n801,L41,1
n293,n608,L41,13
n747,n737,L41,1
n714,n687,L41,1
n495,n801,L41,2
n495,n989,L41,1
n93,n737,L41,2
n93,n557,L41,1
n93,n333,L41,1
n93,n747,L41,1
n756,n608,L41,4
n756,n737,L41,1
n756,n88,L41,1
n748,n597,L41,1
n748,n608,L41,1
n748,n687,L41,9
n748,n102,L41,3
n748,n305,L41,10
n748,n423,L41,10
n748,n368,L41,1
n748,n737,L41,2
n405,n201,L41,1
n304,n545,L41,1
n423,n737,L41,2
n423,n748,L41,2
n423,n370,L41,1
n507,n747,L41,5
n507,n608,L41,2
n507,n545,L41,2
n787,n349,L41,1
n787,n608,L41,3
n787,n714,L41,1
n787,n756,L41,1
n787,n423,L41,2
n787,n581,L41,1
n873,n737,L41,1
n873,n741,L41,1
n873,n581,L41,1
n368,n507,L41,5
n368,n423,L41,3
n333,n756,L41,2
n333,n516,L41,1
n347,n608,L41,4
n476,n608,L41,1
n279,n349,L41,5
n279,n507,L41,1
n391,n608,L41,4
n391,n293,L41,1
n201,n687,L41,3
n201,n617,L41,1
n201,n405,L41,1
n627,n333,L41,12
n627,n331,L41,3
n545,n737,L41,3
n545,n507,L41,2
n88,n756,L41,1
n88,n787,L41,4
n777,n687,L41,2
n205,n809,L41,1
n183,n760,L41,1
n544,n220,L57,1
n544,n108,L57,1
n432,n871,L57,4
n220,n108,L57,19
n871,n432,L57,3
n754,n44,L57,1
n391,n608,L57,1
n804,n277,L57,2
n130,n256,L72,1
n67,n640,L72,1
n500,n256,L72,6
n320,n640,L72,2
n320,n256,L72,1
n522,n159,L72,2
n256,n640,L72,1
n494,n160,L72,1
n494,n170,L72,2
n38,n883,L59,1
n38,n137,L59,1
n576,n300,L59,2
n794,n399,L59,1
n794,n746,L59,2
n794,n599,L59,1
n794,n725,L59,1
n794,n806,L59,1
n790,n355,L59,2
n790,n468,L59,2
n678,n721,L59,3
n678,n593,L59,1
n421,n399,L59,1
n421,n332,L59,1
n874,n153,L59,2
n874,n314,L59,1
n445,n459,L59,1
n445,n721,L59,1
n602,n59,L59,5
n59,n481,L59,2
n918,n131,L59,3
n599,n725,L59,4
n599,n602,L59,3
n599,n242,L59,1
n721,n459,L59,1
n721,n678,L59,1
n663,n389,L59,3
n471,n790,L59,1
n290,n125,L59,1
n290,n421,L59,17
n712,n153,L59,1
n712,n770,L59,3
n468,n790,L59,1
n746,n290,L59,1
n746,n146,L59,1
n746,n806,L59,4
n746,n652,L59,1
n242,n746,L59,3
n242,n59,L59,1
n334,n332,L59,3
n334,n359,L59,3
n652,n593,L59,1
n770,n721,L59,4
n733,n760,L59,2
n608,n617,L12,1
n608,n687,L12,7
n608,n808,L12,1
n608,n787,L12,2
n608,n495,L12,1
n608,n391,L12,1
n608,n507,L12,1
n777,n405,L12,4
n777,n617,L12,3
n777,n687,L12,7
n946,n404,L12,1
n989,n279,L12,1
n989,n349,L12,1
n405,n201,L12,7
n405,n495,L12,1
n405,n687,L12,2
n405,n777,L12,7
n495,n687,L12,1
n495,n608,L12,3
n495,n507,L12,1
n370,n608,L12,1
n370,n495,L12,1
n247,n507,L12,1
n471,n801,L12,4
n72,n349,L12,1
n787,n756,L12,8
n787,n608,L12,2
n787,n370,L12,1
n787,n507,L12,1
n507,n316,L12,1
n507,n608,L12,7
n507,n349,L12,1
n507,n279,L12,1
n507,n617,L12,1
n279,n349,L12,11
n279,n507,L12,6
n279,n989,L12,1
n808,n608,L12,1
n808,n306,L12,2
n316,n756,L12,3
n316,n423,L12,4
n404,n617,L12,1
n349,n507,L12,1
n349,n279,L12,1
n349,n182,L12,1
n347,n787,L12,2
n687,n777,L12,2
n687,n201,L12,2
n687,n617,L12,1
n756,n608,L12,2
n756,n316,L12,1
n396,n546,L12,1
n469,n507,L12,8
n201,n405,L12,3
n201,n687,L12,7
n293,n608,L12,5
n293,n169,L12,2
n809,n507,L12,1
n182,n787,L12,3
n748,n423,L12,1
n748,n687,L12,1
n732,n182,L12,1
n732,n787,L12,3
n882,n546,L12,1
n883,n153,L12,2
n801,n471,L12,1
n557,n687,L12,8
n205,n507,L12,3
n581,n650,L12,2
n650,n608,L12,1
n333,n627,L12,1
n262,n545,L56,1
n262,n88,L56,1
n388,n262,L56,22
n388,n88,L56,3
n304,n91,L56,1
n304,n88,L56,15
n304,n262,L56,1
n798,n465,L56,9
n798,n514,L56,7
n88,n262,L56,8
n803,n88,L56,3
n380,n664,L56,3
n164,n618,L30,1
n164,n875,L30,8
n31,n574,L30,1
n618,n875,L30,5
n277,n875,L30,42
n64,n836,L30,2
n151,n553,L30,2
n885,n875,L30,1
n549,n31,L26,1
n518,n31,L26,1
n504,n813,L26,1
n554,n810,L28,2
n232,n474,L28,5
n973,n87,L28,1
n661,n814,L28,1
n794,n599,L28,1
n164,n875,L28,3
n164,n277,L28,1
n320,n554,L28,1
n320,n810,L28,3
n782,n365,L28,4
n41,n262,L28,1
n32,n841,L28,1
n618,n875,L28,2
n694,n41,L28,2
n231,n221,L28,3
n360,n396,L28,1
n500,n640,L28,1
n500,n256,L28,1
n277,n875,L28,1
n788,n717,L28,3
n122,n702,L28,1
n197,n39,L28,1
n659,n399,L28,2
n175,n353,L7,1
n814,n175,L7,5
n931,n815,L7,1
n549,n165,L7,1
n835,n282,L7,2
n422,n480,L7,2
n141,n31,L7,2
n76,n917,L7,1
n529,n992,L7,5
n530,n480,L7,1
n575,n524,L48,4
n524,n575,L48,3
n327,n921,L48,1
n452,n785,L48,3
n636,n329,L48,1
n119,n792,L48,1
n847,n921,L48,1
n847,n167,L48,2
n167,n847,L48,1
n167,n327,L48,1
n641,n993,L48,1
n921,n917,L48,1
n948,n76,L48,1
n75,n236,L48,1
n317,n439,L48,2
n440,n41,L8,3
n694,n41,L8,5
n41,n262,L8,2
n41,n345,L8,1
n920,n487,L8,1
n945,n487,L8,3
n52,n920,L8,1
n52,n78,L8,3
n33,n920,L8,3
n33,n78,L8,5
n13,n586,L8,2
n13,n78,L8,1
n13,n487,L8,10
n13,n615,L8,1
n78,n615,L8,1
n808,n262,L8,1
n798,n465,L40,16
n798,n514,L40,4
n798,n100,L40,1
n798,n888,L40,1
n278,n586,L40,6
n679,n574,L40,2
n885,n472,L40,3
n945,n487,L40,1
n52,n251,L40,1
n52,n920,L40,3
n52,n78,L40,19
n465,n514,L40,1
n78,n487,L40,2
n78,n920,L40,1
n487,n920,L40,1
n817,n60,L40,4
n388,n262,L40,2
n304,n262,L40,2
n304,n545,L40,7
n304,n88,L40,30
n631,n78,L40,1
n514,n465,L40,1
n33,n78,L40,10
n33,n920,L40,2
n41,n65,L40,1
n380,n664,L40,11
n472,n885,L40,1
n472,n574,L40,2
n270,n251,L40,2
n748,n597,L40,1
n13,n487,L40,1
n13,n619,L40,1
n88,n262,L40,2
n366,n654,L40,2
n478,n65,L40,1
n295,n251,L40,1
n529,n828,L9,1
n529,n176,L9,1
n71,n175,L9,5
n828,n879,L9,3
n828,n525,L9,2
n828,n334,L9,4
n136,n880,L9,2
n931,n815,L9,1
n879,n454,L9,3
n879,n175,L9,4
n879,n829,L9,1
n879,n880,L9,1
n879,n828,L9,1
n176,n880,L9,1
n176,n529,L9,3
n176,n767,L9,2
n176,n454,L9,21
n321,n139,L9,1
n880,n879,L9,4
n454,n767,L9,6
n283,n951,L9,2
n157,n430,L9,7
n157,n454,L9,5
n525,n273,L9,4
n525,n828,L9,1
n525,n136,L9,2
n525,n879,L9,1
n525,n454,L9,6
n767,n454,L9,5
n767,n547,L9,1
n767,n529,L9,1
n175,n880,L9,3
n639,n841,L9,1
n165,n621,L73,1
n781,n621,L73,10
n223,n404,L73,13
n756,n808,L73,1
n531,n156,L73,1
n454,n547,L73,2
n454,n874,L73,3
n454,n639,L73,3
n454,n293,L73,3
n168,n781,L73,2
n621,n405,L73,2
n621,n583,L73,1
n621,n547,L73,5
n621,n165,L73,1
n621,n597,L73,2
n621,n751,L73,1
n621,n781,L73,1
n621,n650,L73,1
n621,n808,L73,1
n621,n152,L73,1
n583,n272,L73,1
n65,n293,L73,4
n404,n784,L73,1
n404,n579,L73,1
n404,n621,L73,5
n475,n621,L73,1
n579,n404,L73,3
n579,n223,L73,1
n579,n405,L73,2
n156,n531,L73,1
n832,n808,L73,1
n832,n478,L73,1
n784,n404,L73,8
n516,n621,L73,1
n133,n516,L73,1
n874,n621,L73,1
n478,n65,L73,1
n478,n808,L73,5
n423,n212,L73,1
n152,n621,L73,3
n501,n293,L73,10
n639,n621,L73,6
n931,n621,L73,2
n32,n621,L73,1
n395,n141,L73,1
n395,n621,L73,3
n846,n639,L73,1
n30,n621,L73,1
n598,n655,L51,1
n697,n387,L51,2
n697,n762,L51,2
n98,n246,L51,7
n483,n769,L51,1
n939,n217,L51,1
n718,n200,L51,1
n208,n638,L51,2
n204,n82,L51,1
n624,n208,L51,7
n624,n762,L51,1
n624,n199,L51,1
n624,n424,L51,2
n624,n542,L51,1
n624,n82,L51,1
n624,n19,L51,4
n624,n850,L51,3
n410,n9,L51,5
n607,n558,L51,1
n10,n726,L51,2
n26,n681,L51,1
n163,n901,L51,3
n215,n718,L51,8
n215,n901,L51,1
n215,n370,L51,1
n215,n598,L51,1
n16,n15,L51,1
n922,n942,L51,2
n922,n606,L51,1
n762,n234,L51,11
n29,n718,L51,1
n178,n369,L51,1
n5,n981,L51,1
n5,n19,L51,1
n12,n533,L51,6
n27,n681,L51,1
n181,n647,L51,6
n181,n848,L51,5
n387,n706,L51,2
n387,n697,L51,4
n6,n5,L51,1
n962,n192,L51,1
n834,n607,L51,2
n684,n5,L51,2
n630,n250,L51,1
n630,n6,L51,4
n826,n424,L51,1
n981,n5,L51,2
n533,n14,L51,1
n985,n184,L51,2
n786,n19,L51,10
n862,n952,L51,1
n901,n215,L51,2
n901,n26,L51,3
n656,n260,L51,1
n246,n98,L51,1
n24,n739,L51,1
n4,n910,L51,12
n424,n826,L51,6
n681,n26,L51,1
n681,n27,L51,2
n788,n717,L51,3
n15,n16,L51,1
n15,n10,L51,1
n526,n208,L51,1
n416,n739,L51,1
n772,n517,L13,2
n772,n583,L13,1
n517,n772,L13,4
n592,n751,L13,7
n121,n419,L13,1
n121,n990,L13,2
n213,n455,L13,1
n185,n419,L13,1
n780,n819,L13,1
n461,n123,L13,3
n819,n531,L13,1
n819,n583,L13,3
n751,n592,L13,1
n751,n504,L13,2
n419,n592,L13,1
n419,n121,L13,1
n143,n509,L13,2
n143,n107,L13,1
n775,n156,L13,1
n775,n517,L13,1
n692,n156,L13,5
n897,n267,L13,3
n852,n819,L13,5
n429,n751,L13,1
n583,n772,L13,2
n583,n531,L13,8
n583,n819,L13,4
n583,n51,L13,2
n168,n51,L13,1
n868,n724,L13,4
n894,n813,L13,1
n894,n206,L13,2
n987,n772,L13,3
n987,n583,L13,3
n907,n185,L13,8
n272,n51,L13,1
n272,n751,L13,2
n784,n528,L13,1
n267,n897,L13,1
n686,n973,L13,1
n973,n686,L13,2
n122,n243,L74,1
n821,n253,L74,6
n821,n550,L74,1
n996,n685,L74,1
n996,n550,L74,4
n253,n557,L74,9
n253,n222,L74,1
n253,n821,L74,2
n685,n550,L74,8
n685,n996,L74,1
n467,n519,L74,14
n546,n495,L74,1
n415,n685,L74,1
n507,n349,L74,1
n507,n279,L74,1
n507,n608,L74,2
n520,n472,L74,6
n760,n709,L74,2
n396,n546,L74,2
n831,n253,L74,1
n608,n557,L74,1
n608,n507,L74,3
n801,n760,L74,2
n801,n471,L74,1
n733,n608,L74,5
n391,n629,L74,2
n287,n883,L74,3
n287,n685,L74,1
n550,n979,L74,1
n550,n253,L74,1
n550,n685,L74,6
n550,n883,L74,2
n900,n507,L74,1
n900,n994,L74,1
n900,n557,L74,1
n900,n924,L74,1
n794,n557,L74,1
n794,n550,L74,1
n794,n883,L74,1
n709,n760,L74,1
n275,n608,L74,1
n495,n349,L74,2
n629,n391,L74,4
n104,n243,L74,1
n701,n629,L74,2
n994,n900,L74,1
n557,n507,L74,12
n557,n77,L74,4
n557,n608,L74,3
n306,n608,L74,1
n367,n77,L74,2
n471,n801,L74,5
n472,n520,L74,1
n472,n50,L74,1
n702,n122,L74,1
n702,n104,L74,1
n702,n243,L74,1
n279,n349,L74,2
n347,n608,L74,1
n953,n339,L74,1
n35,n557,L74,1
n880,n815,L67,6
n880,n578,L67,1
n880,n931,L67,3
n880,n665,L67,3
n578,n547,L67,3
n931,n578,L67,1
n931,n665,L67,1
n530,n480,L67,2
n509,n252,L67,1
n422,n782,L67,1
n422,n904,L67,2
n518,n439,L67,4
n518,n911,L67,6
n438,n856,L67,2
n951,n271,L67,1
n951,n672,L67,1
n312,n523,L67,1
n81,n879,L67,9
n815,n904,L67,1
n581,n650,L67,1
n984,n904,L67,2
n984,n815,L67,2
n984,n665,L67,1
n523,n650,L67,1
n904,n931,L67,1
n828,n879,L67,1
n529,n282,L67,1
n529,n992,L67,2
n979,n644,L67,2
n475,n621,L67,1
n621,n650,L67,1
n621,n547,L67,3
n992,n282,L67,1
n911,n312,L67,1
n258,n28,L11,9
n258,n508,L11,8
n258,n306,L11,1
n415,n777,L11,2
n82,n576,L11,4
n82,n562,L11,2
n82,n702,L11,3
n582,n562,L11,4
n582,n927,L11,3
n177,n653,L11,1
n177,n546,L11,4
n177,n258,L11,1
n249,n807,L11,1
n249,n201,L11,1
n520,n685,L11,1
n520,n994,L11,1
n28,n859,L11,12
n28,n306,L11,7
n28,n809,L11,1
n28,n205,L11,3
n28,n826,L11,1
n28,n178,L11,3
n962,n859,L11,4
n962,n196,L11,4
n962,n638,L11,1
n962,n605,L11,2
n3,n994,L11,1
n3,n512,L11,1
n84,n279,L11,3
n584,n576,L11,7
n503,n415,L11,1
n503,n807,L11,3
n503,n287,L11,3
n182,n384,L11,1
n45,n512,L11,6
n184,n994,L11,1
n384,n264,L11,3
n807,n4,L11,1
n807,n416,L11,1
n807,n512,L11,1
n807,n45,L11,1
n807,n924,L11,1
n807,n249,L11,1
n807,n702,L11,1
n807,n3,L11,1
n638,n962,L11,1
n638,n859,L11,3
n638,n243,L11,1
n818,n576,L11,1
n924,n427,L11,3
n546,n258,L11,38
n546,n306,L11,4
n424,n28,L11,5
n469,n994,L11,1
n287,n576,L11,1
n976,n402,L11,2
n976,n177,L11,3
n976,n653,L11,4
n976,n508,L11,9
n104,n512,L11,1
n104,n45,L11,1
n360,n585,L11,1
n577,n653,L11,1
n508,n306,L11,3
n508,n546,L11,1
n2,n45,L11,8
n535,n562,L11,1
n1,n427,L11,1
n912,n926,L11,3
n870,n924,L11,4
n726,n995,L11,1
n994,n427,L11,4
n685,n635,L11,1
n988,n995,L11,5
n988,n201,L11,1
n988,n576,L11,1
n988,n28,L11,1
n850,n28,L11,1
n576,n105,L11,1
n567,n702,L11,1
n416,n633,L11,1
n416,n512,L11,1
n985,n994,L11,1
n4,n924,L11,2
n859,n638,L11,1
n859,n962,L11,2
n666,n469,L11,1
n243,n638,L11,1
n43,n995,L11,1
n43,n28,L11,3
n43,n567,L11,3
n306,n258,L11,38
n306,n546,L11,2
n316,n279,L11,1
n562,n685,L11,1
n215,n84,L11,1
n215,n384,L11,1
n826,n629,L11,3
n826,n28,L11,6
n826,n512,L11,1
n949,n28,L11,4
n633,n416,L11,1
n402,n976,L11,1
n786,n638,L11,2
n178,n28,L11,5
n244,n340,L11,9
n952,n576,L11,1
n558,n384,L11,2
n961,n582,L11,1
n72,n3,L11,1
n24,n3,L11,1
n24,n23,L11,1
n362,n215,L11,1
n914,n994,L11,1
n914,n926,L11,1
n6,n5,L11,1
n196,n962,L11,4
n343,n841,L15,1
n343,n547,L15,2
n31,n661,L15,1
n585,n603,L63,1
n690,n973,L63,4
n973,n690,L63,1
n913,n973,L63,4
n869,n311,L49,1
n334,n359,L49,2
n760,n709,L49,1
n685,n550,L49,1
n550,n253,L49,3
n550,n883,L49,4
n550,n685,L49,3
n733,n300,L49,1
n650,n608,L49,1
n650,n581,L49,1
n695,n523,L49,2
n695,n317,L49,2
n581,n523,L49,2
n520,n472,L49,1
n38,n883,L49,1
n275,n733,L49,1
n275,n300,L49,1
n317,n695,L49,1
n771,n300,L49,3
n300,n733,L49,1
n129,n56,L49,2
n741,n581,L49,1
n189,n755,L49,3
n874,n153,L49,3
n557,n550,L49,1
n539,n44,L69,1
n539,n623,L69,1
n802,n505,L69,1
n220,n108,L69,9
n220,n90,L69,6
n77,n664,L69,1
n624,n802,L69,1
n624,n505,L69,4
n339,n953,L69,3
n339,n90,L69,1
n339,n669,L69,1
n339,n77,L69,1
n465,n514,L69,3
n147,n664,L69,1
n392,n754,L69,1
n367,n77,L69,1
n505,n802,L69,1
n622,n220,L69,1
n533,n689,L69,1
n533,n446,L69,4
n615,n664,L69,2
n953,n339,L69,3
n44,n754,L69,1
n808,n608,L1,2
n673,n900,L1,2
n701,n900,L1,1
n924,n900,L1,5
n994,n900,L1,3
n900,n924,L1,1
n220,n391,L1,1
n154,n436,L1,2
n154,n151,L1,1
n154,n673,L1,1
n610,n608,L1,3
n610,n673,L1,3
n629,n391,L1,1
n151,n608,L1,5
n339,n900,L1,1
n557,n653,L1,1
n557,n77,L1,7
n557,n900,L1,1
n953,n339,L1,1
n533,n407,L1,1
n533,n446,L1,6
n533,n689,L1,2
n189,n755,L1,1
n871,n162,L1,1
n755,n608,L1,1
n801,n760,L1,3
n664,n673,L1,1
n60,n920,L1,1
n733,n608,L1,1
n780,n987,L10,1
n662,n852,L10,3
n662,n780,L10,2
n711,n624,L10,2
n711,n444,L10,2
n682,n851,L10,7
n940,n852,L10,1
n940,n180,L10,1
n429,n711,L10,1
n775,n844,L10,2
n412,n624,L10,3
n624,n982,L10,2
n624,n379,L10,5
n851,n682,L10,30
n851,n426,L10,3
n842,n376,L10,2
n455,n624,L10,1
n254,n624,L10,1
n254,n559,L10,4
n991,n624,L10,3
n594,n674,L10,2
n211,n624,L10,1
n966,n957,L10,1
n213,n21,L10,1
n957,n624,L10,1
n297,n932,L10,1
n819,n293,L34,1
n447,n621,L34,1
n447,n518,L34,1
n77,n645,L34,2
n77,n367,L34,6
n77,n325,L34,1
n77,n947,L34,2
n751,n293,L34,2
n293,n873,L34,1
n325,n339,L34,4
n381,n645,L34,7
n438,n171,L34,1
n152,n518,L34,1
n152,n816,L34,3
n152,n621,L34,2
n841,n293,L34,3
n351,n101,L34,1
n621,n547,L34,1
n167,n327,L34,1
n65,n325,L34,5
n65,n293,L34,1
n492,n134,L34,2
n327,n167,L34,1
n367,n645,L34,1
n404,n621,L34,1
n785,n882,L34,2
n101,n618,L34,1
n439,n911,L34,2
n214,n736,L16,1
n736,n356,L16,2
n736,n965,L16,1
n841,n293,L70,1
n841,n31,L70,2
n501,n293,L70,1
n51,n32,L70,1
n586,n547,L45,3
n586,n476,L45,1
n518,n816,L45,1
n447,n816,L45,1
n175,n657,L45,1
n509,n911,L45,1
n509,n816,L45,3
n509,n252,L45,5
n984,n815,L45,1
n621,n639,L45,1
n621,n547,L45,1
n439,n911,L45,6
n639,n621,L45,4
n438,n618,L45,1
n767,n283,L45,1
n475,n639,L45,1
n44,n754,L23,1
n304,n545,L23,2
n304,n88,L23,1
n304,n391,L23,3
n304,n183,L23,2
n831,n44,L23,1
n831,n295,L23,1
n220,n890,L23,1
n220,n108,L23,7
n808,n304,L23,1
n544,n108,L23,1
n108,n544,L23,3
n514,n465,L23,3
n465,n514,L23,4
n754,n44,L23,1
n93,n545,L23,1
n384,n5,L65,1
n870,n908,L65,3
n870,n567,L65,1
n90,n955,L65,4
n90,n994,L65,5
n383,n701,L65,1
n383,n585,L65,7
n218,n924,L65,1
n218,n274,L65,1
n778,n585,L65,15
n926,n585,L65,2
n776,n585,L65,4
n203,n585,L65,2
n203,n396,L65,1
n135,n969,L65,1
n135,n962,L65,2
n735,n962,L65,2
n15,n567,L65,8
n193,n384,L65,1
n969,n23,L65,2
n24,n23,L65,1
n962,n196,L65,1
n16,n870,L65,1
n908,n870,L65,2
n604,n955,L65,4
n23,n924,L65,1
n23,n24,L65,5
n17,n585,L65,6
n360,n585,L65,1
n976,n260,L65,1
n976,n177,L65,2
n955,n735,L65,1
n362,n384,L65,1
n5,n585,L65,2
n676,n962,L65,1
n148,n569,L60,1
n148,n805,L60,2
n148,n589,L60,2
n148,n632,L60,1
n148,n856,L60,7
n148,n591,L60,3
n658,n80,L60,1
n464,n568,L60,2
n464,n68,L60,2
n464,n128,L60,3
n464,n628,L60,2
n464,n322,L60,1
n464,n551,L60,10
n532,n865,L60,5
n935,n488,L60,31
n488,n95,L60,1
n488,n68,L60,6
n488,n115,L60,8
n488,n626,L60,3
n73,n95,L60,1
n68,n115,L60,9
n68,n128,L60,23
n551,n95,L60,2
n551,n464,L60,1
n551,n115,L60,2
n551,n73,L60,1
n551,n916,L60,3
n551,n865,L60,1
n551,n626,L60,2
n916,n128,L60,1
n916,n865,L60,2
n916,n591,L60,1
n916,n551,L60,2
n161,n115,L60,1
n595,n480,L60,2
n595,n352,L60,1
n595,n720,L60,1
n595,n588,L60,4
n115,n551,L60,1
n591,n80,L60,4
n591,n916,L60,1
n591,n865,L60,1
n591,n115,L60,1
n352,n595,L60,2
n356,n856,L60,1
n356,n148,L60,2
n791,n480,L60,1
n791,n485,L60,1
n80,n865,L60,7
n589,n856,L60,1
n128,n464,L60,6
n128,n628,L60,3
n480,n352,L60,16
n480,n720,L60,3
n480,n588,L60,2
n480,n595,L60,3
n865,n532,L60,4
n865,n551,L60,1
n865,n80,L60,9
n865,n916,L60,7
n865,n569,L60,1
n865,n568,L60,1
n323,n393,L60,1
n323,n588,L60,4
n323,n352,L60,4
n323,n720,L60,3
n856,n148,L60,11
n856,n591,L60,1
n856,n805,L60,1
n856,n569,L60,1
n626,n95,L60,2
n626,n73,L60,2
n626,n115,L60,19
n626,n488,L60,3
n626,n551,L60,48
n210,n128,L60,2
n965,n128,L60,3
n965,n210,L60,1
n720,n352,L60,1
n720,n480,L60,1
n632,n805,L60,1
n393,n352,L60,1
n393,n720,L60,1
n393,n323,L60,3
n485,n628,L60,1
n485,n352,L60,1
n417,n532,L60,2
n322,n532,L60,2
n492,n896,L36,3
n381,n436,L36,12
n154,n436,L36,17
n154,n381,L36,1
n869,n436,L36,2
n869,n882,L36,1
n869,n151,L36,1
n785,n189,L36,1
n785,n882,L36,1
n645,n381,L36,3
n89,n667,L36,1
n623,n87,L36,1
n77,n367,L36,2
n896,n151,L36,1
n896,n381,L36,1
n896,n436,L36,9
n549,n667,L36,1
n270,n561,L0,3
n78,n435,L0,2
n165,n566,L0,1
n585,n281,L0,1
n585,n872,L0,3
n435,n539,L0,1
n799,n436,L0,8
n799,n381,L0,1
n624,n539,L0,1
n47,n872,L0,1
n60,n920,L0,2
n251,n478,L0,4
n87,n436,L0,1
n87,n284,L0,7
n325,n339,L0,3
n325,n77,L0,1
n367,n947,L0,2
n367,n645,L0,2
n263,n87,L0,1
n263,n920,L0,2
n673,n539,L0,3
n487,n920,L0,1
n77,n947,L0,3
n77,n367,L0,1
n77,n339,L0,1
n896,n381,L0,1
n896,n436,L0,4
n240,n87,L0,1
n240,n539,L0,1
n154,n436,L0,1
n973,n87,L0,1
n509,n252,L4,1
n509,n911,L4,2
n841,n661,L4,3
n841,n32,L4,2
n841,n293,L4,1
n785,n869,L4,1
n785,n189,L4,5
n518,n816,L4,2
n518,n911,L4,2
n152,n518,L4,2
n152,n816,L4,2
n523,n317,L4,1
n447,n816,L4,1
n447,n911,L4,1
n32,n841,L4,1
n650,n869,L4,1
n869,n436,L4,1
n869,n189,L4,1
n869,n644,L4,4
n661,n31,L4,1
n918,n152,L4,1
n439,n911,L4,2
n858,n667,L4,3
n858,n32,L4,1
n858,n841,L4,2
n167,n76,L4,1
n808,n608,L29,1
n547,n608,L29,2
n586,n673,L29,1
n755,n608,L29,1
n311,n869,L35,5
n311,n467,L35,1
n830,n869,L35,1
n869,n436,L35,6
n869,n311,L35,1
n869,n381,L35,1
n712,n232,L50,1
n712,n790,L50,1
n712,n721,L50,1
n712,n659,L50,1
n659,n290,L50,4
n659,n399,L50,2
n659,n103,L50,1
n659,n794,L50,2
n103,n445,L50,3
n103,n794,L50,1
n103,n59,L50,2
n103,n337,L50,2
n103,n34,L50,1
n103,n232,L50,14
n103,n35,L50,4
n103,n399,L50,2
n746,n290,L50,2
n794,n659,L50,1
n794,n35,L50,1
n794,n550,L50,1
n794,n290,L50,1
n794,n34,L50,16
n794,n806,L50,2
n794,n599,L50,3
n794,n59,L50,3
n794,n103,L50,28
n806,n445,L50,3
n806,n659,L50,1
n806,n103,L50,1
n806,n337,L50,2
n806,n712,L50,1
n821,n253,L50,2
n550,n883,L50,2
n550,n253,L50,1
n883,n153,L50,1
n883,n337,L50,1
n827,n102,L50,13
n827,n153,L50,8
n827,n790,L50,8
n827,n599,L50,1
n827,n825,L50,8
n874,n153,L50,3
n613,n602,L50,1
n613,n678,L50,1
n613,n746,L50,1
n232,n242,L50,1
n232,n721,L50,6
n232,n146,L50,2
n232,n35,L50,36
n232,n806,L50,8
n232,n103,L50,83
n232,n34,L50,1
n232,n459,L50,4
n445,n678,L50,1
n963,n825,L50,3
n963,n790,L50,2
n34,n557,L50,1
n242,n746,L50,2
n35,n103,L50,1
n35,n557,L50,3
n35,n232,L50,2
n35,n599,L50,1
n35,n712,L50,1
n421,n359,L50,2
n38,n883,L50,5
n334,n359,L50,6
n334,n599,L50,1
n224,n883,L50,2
n140,n153,L50,1
n140,n746,L50,1
n226,n599,L50,7
n253,n557,L50,2
n519,n550,L50,2
n678,n103,L50,2
n599,n242,L50,3
n599,n725,L50,2
n650,n608,L46,6
n733,n300,L46,1
n162,n673,L46,1
n608,n695,L46,1
n189,n673,L46,1
n189,n755,L46,3
n760,n709,L46,6
n673,n608,L46,1
n300,n733,L46,3
n771,n162,L46,1
n547,n608,L46,2
n586,n673,L46,3
n695,n608,L46,2
n695,n317,L46,1
n30,n608,L46,12
n523,n586,L46,1
n523,n695,L46,1
n520,n472,L46,1
n520,n50,L46,1
n488,n485,L46,1
n488,n68,L46,2
n741,n608,L46,1
n755,n608,L46,1
n41,n808,L31,1
n304,n448,L31,2
n304,n65,L31,1
n478,n65,L31,5
n832,n478,L31,4
n832,n586,L31,1
n147,n586,L31,1
n440,n41,L31,5
n440,n873,L31,7
n440,n134,L31,6
n440,n586,L31,1
n288,n463,L31,4
n448,n808,L31,1
n395,n621,L31,3
n295,n65,L31,1
n869,n151,L38,5
n869,n311,L38,3
n492,n979,L38,1
n111,n492,L38,1
n151,n657,L18,1
n151,n667,L18,1
n151,n549,L18,2
n31,n661,L18,3
n288,n463,L18,1
n549,n151,L18,1
n827,n319,L6,24
n827,n887,L6,1
n232,n303,L6,1
n232,n117,L6,25
n232,n474,L6,5
n326,n414,L6,1
n679,n574,L32,14
n875,n159,L32,3
n875,n164,L32,1
n380,n664,L32,1
n618,n875,L32,4
n224,n654,L32,2
n224,n885,L32,1
n164,n875,L32,6
n151,n608,L32,4
n277,n875,L32,22
n835,n574,L32,1
n472,n574,L32,1
n407,n446,L32,1
n965,n496,L61,1
n965,n915,L61,1
n496,n965,L61,1
n525,n442,L52,19
n509,n252,L52,1
n112,n466,L52,1
n112,n765,L52,8
n792,n441,L52,1
n921,n847,L52,1
n283,n951,L52,2
n438,n164,L52,2
n562,n709,L2,1
n311,n869,L2,2
n610,n436,L2,1
n610,n151,L2,1
n830,n869,L2,1
n869,n311,L2,1
n869,n436,L2,5
n869,n151,L2,13
n869,n610,L2,1
n549,n311,L2,1
n644,n311,L2,1
n645,n467,L33,1
n645,n856,L33,2
n979,n644,L33,1
n311,n869,L33,1
n391,n608,L39,4
n391,n673,L39,2
n731,n882,L39,1
n873,n608,L39,1
n561,n100,L27,1
n618,n875,L27,1
n569,n519,L66,1
n569,n865,L66,6
n32,n667,L43,1
